name,vintage,type,score,prediction,difference
Casanova di Neri Brunello di Montalcino Tenuta Nuova,2001,brunello,97,94.654984.5,2.345016.5
Frescobaldi Castelgiocondo Brunello di Montalcino Riserva,2004,brunello,94,93.997612.5,0.002388.5
Altesino Brunello di Montalcino,2004,brunello,92,93.727486.5,-1.727486.5
Argiano Brunello di Montalcino,2004,brunello,96,93.850204.5,2.149796.5
Casanova di Neri Brunello di Montalcino Tenuta Nuova,2004,brunello,96,94.157303.5,1.842697.5
Tenute Silvio Nardi Brunello di Montalcino,2004,brunello,92,93.881042.5,-1.881042.5
Banfi Brunello di Montalcino,2004,brunello,93,93.850204.5,-0.850204.5
Casanova di Neri Brunello di Montalcino Cerretalto,2004,brunello,98,94.949814.5,3.050186.5
Uccelliera Brunello di Montalcino,2004,brunello,96,94.096008.5,1.903992.5
Fuligni Brunello di Montalcino,2004,brunello,96,93.911743.5,2.088257.5
Casanova di Neri Brunello di Montalcino Tenuta Nuova (scuffed label),2005,brunello,93,94.052826.5,-1.052826.5
Vitanza Brunello di Montalcino,2004,brunello,94,93.807327.5,0.192673.5
Fuligni Brunello di Montalcino,2005,brunello,92,93.923973.5,-1.923973.5
Valdicava Brunello Riserva Madonna del Piano (scuffed label),2001,brunello,100,97.412949.5,2.587051.5
Antinori Pian Delle Vigne Brunello Di Montalcino,2005,brunello,90,93.887115.5,-3.887115.5
Valdicava Brunello di Montalcino,2004,brunello,95,94.218727.5,0.781273.5
Valdicava Brunello di Montalcino,2006,brunello,97,94.255463.5,2.744537.5
Capanna Brunello di Montalcino,2006,brunello,95,93.733391.5,1.266609.5
Casanova di Neri Brunello di Montalcino White Label,2006,brunello,92,93.764221.5,-1.764221.5
Casanova di Neri Brunello di Montalcino Tenuta Nuova (scuffed label),2006,brunello,100,94.378311.5,5.621689.5
Ciacci Piccolomini d'Aragona Brunello di Montalcino Pianrosso,2006,brunello,96,93.887070.5,2.112930.5
Poggio Antico Brunello di Montalcino,2006,brunello,95,93.899353.5,1.100647.5
Poggio Antico Brunello di Montalcino Altero,2006,brunello,95,93.880920.5,1.119080.5
Canalicchio di Sopra Brunello di Montalcino,2006,brunello,90,93.733391.5,-3.733391.5
BenMarco Malbec,2009,malbec,92,91.878555.5,0.121445.5
Banfi Brunello di Montalcino,2006,brunello,95,93.874786.5,1.125214.5
La Poderina Brunello di Montalcino,2006,brunello,95,93.788788.5,1.211212.5
Fattoria dei Barbi Brunello di Montalcino,2005,brunello,90,93.696594.5,-3.696594.5
Argiano Brunello di Montalcino,2006,brunello,92,93.813354.5,-1.813354.5
Col d'Orcia Brunello di Montalcino,2004,brunello,91,93.727486.5,-2.727486.5
Frescobaldi Castelgiocondo Brunello di Montalcino,2006,brunello,95,93.825645.5,1.174355.5
Col d'Orcia Brunello di Montalcino,2006,brunello,94,93.819504.5,0.180496.5
Luce Della Vite Brunello di Montalcino,2006,brunello,100,94.065247.5,5.934753.5
Fuligni Brunello di Montalcino,2006,brunello,96,93.794815.5,2.205185.5
Conti Costanti Brunello di Montalcino,2006,brunello,91,93.948486.5,-2.948486.5
Camigliano Brunello di Montalcino,2006,brunello,91,93.747025.5,-2.747025.5
Fattoria dei Barbi Brunello di Montalcino,2006,brunello,90,94.132751.5,-4.132751.5
Da Vinci Brunello di Montalcino,2006,brunello,92,93.868637.5,-1.868637.5
Dona Paula Malbec Seleccion de Bodega,2009,malbec,93,92.001389.5,0.998611.5
Antinori Pian Delle Vigne Brunello Di Montalcino,2006,brunello,95,93.887070.5,1.112930.5
Mastrojanni Brunello di Montalcino,2006,brunello,94,93.764221.5,0.235779.5
Tenute Silvio Nardi Brunello di Montalcino,2006,brunello,94,93.862503.5,0.137497.5
Valdicava Brunello Riserva Madonna del Piano (scuffed label),2004,brunello,97,94.826973.5,2.173027.5
Valdicava Brunello Riserva Madonna del Piano,2006,brunello,100,95.047974.5,4.952026.5
Valdicava Brunello di Montalcino,2007,brunello,98,94.396797.5,3.603203.5
Canalicchio di Sopra Brunello di Montalcino,2007,brunello,92,93.799789.5,-1.799789.5
Castello Romitorio Brunello di Montalcino,2007,brunello,92,93.837875.5,-1.837875.5
Casanova di Neri Brunello di Montalcino White Label,2007,brunello,91,93.831726.5,-2.831726.5
Casanova di Neri Brunello di Montalcino Tenuta Nuova,2007,brunello,97,94.150986.5,2.849014.5
Casanova di Neri Brunello di Montalcino Cerretalto,2006,brunello,99,94.986557.5,4.013443.5
Val di Suga Brunello di Montalcino,2006,brunello,92,93.794937.5,-1.794937.5
Altesino Brunello di Montalcino,2007,brunello,91,94.089569.5,-3.089569.5
Altesino Montosoli Brunello di Montalcino,2007,brunello,98,94.335251.5,3.664749.5
Altesino Brunello di Montalcino Riserva,2006,brunello,95,94.003830.5,0.996170.5
Poggio San Polo Brunello di Montalcino,2007,brunello,94,93.868576.5,0.131424.5
Poggio San Polo Brunello di Montalcino Riserva,2006,brunello,94,93.868637.5,0.131363.5
Salicutti Brunello di Montalcino Piaggione,2007,brunello,93,93.966858.5,-0.966858.5
Valdicava Brunello di Montalcino,1999,brunello,91,94.059502.5,-3.059502.5
Valdicava Brunello di Montalcino,2001,brunello,98,94.470718.5,3.529282.5
San Felice Campogiovanni Brunello di Montalcino,2007,brunello,94,93.745743.5,0.254257.5
San Felice Campogiovanni Brunello di Montalcino Il Quercione,2006,brunello,93,94.009903.5,-1.009903.5
Capanna Brunello di Montalcino,2007,brunello,94,93.831726.5,0.168274.5
Capanna Brunello di Montalcino Riserva,2006,brunello,95,94.071327.5,0.928673.5
Ciacci Piccolomini d'Aragona Brunello di Montalcino Pianrosso,2007,brunello,96,93.917717.5,2.082283.5
Poggio Antico Brunello di Montalcino,2007,brunello,94,93.997620.5,0.002380.5
Poggio Antico Brunello di Montalcino Altero,2007,brunello,98,94.022194.5,3.977806.5
Poggio Antico Brunello di Montalcino Riserva,2006,brunello,94,94.286362.5,-0.286362.5
Pietranera Brunello di Montalcino,2007,brunello,90,93.739594.5,-3.739594.5
La Serena Brunello di Montalcino,2007,brunello,94,93.813309.5,0.186691.5
La Serena Brunello di Montalcino Riserva Gemini,2006,brunello,96,94.009781.5,1.990219.5
San Filippo Brunello di Montalcino Le Lucere,2007,brunello,94,93.819443.5,0.180557.5
Uccelliera Brunello di Montalcino,2007,brunello,94,93.844009.5,0.155991.5
Banfi Brunello di Montalcino,2007,brunello,94,93.917717.5,0.082283.5
Frescobaldi Castelgiocondo Brunello di Montalcino,2007,brunello,94,93.831726.5,0.168274.5
Il Poggione Brunello di Montalcino,2007,brunello,94,93.966858.5,0.033142.5
Primus Malbec,2010,malbec,90,91.896927.5,-1.896927.5
Gaja Rennina Brunello di Montalcino,2007,brunello,94,94.273956.5,-0.273956.5
Il Poggione Brunello di Montalcino Riserva Vigna Paganelli,2006,brunello,93,94.071327.5,-1.071327.5
Tenute Silvio Nardi Brunello di Montalcino,2007,brunello,95,93.936142.5,1.063858.5
Podere Brizio Brunello di Montalcino,2007,brunello,92,93.825592.5,-1.825592.5
Frescobaldi Castelgiocondo Brunello di Montalcino Riserva,2005,brunello,93,93.960831.5,-0.960831.5
Frescobaldi Castelgiocondo Brunello di Montalcino Riserva,2006,brunello,95,94.126663.5,0.873337.5
Col d'Orcia Brunello di Montalcino,2007,brunello,92,93.751877.5,-1.751877.5
Camigliano Brunello di Montalcino,2007,brunello,91,93.813309.5,-2.813309.5
Gaja Sugarille Brunello di Montalcino,2008,brunello,92,94.507355.5,-2.507355.5
La Gerla Brunello di Montalcino,2007,brunello,92,93.813309.5,-1.813309.5
Ciacci Piccolomini d'Aragona Brunello di Montalcino,2007,brunello,92,93.837875.5,-1.837875.5
Friggiali Brunello di Montalcino,2007,brunello,92,93.721176.5,-1.721176.5
Valdicava Brunello Riserva Madonna del Piano,2001,brunello,100,95.508911.5,4.491089.5
Achaval-Ferrer Finca Bella Vista Malbec,2011,malbec,98,92.560272.5,5.439728.5
Fuligni Brunello di Montalcino Riserva,2006,brunello,96,94.224884.5,1.775116.5
Val di Suga Brunello di Montalcino,2007,brunello,92,93.899292.5,-1.899292.5
Mastrojanni Brunello di Montalcino,2007,brunello,95,93.745743.5,1.254257.5
Ruffino Greppone Mazzi Brunello di Montalcino,2006,brunello,91,93.825645.5,-2.825645.5
Montes Alpha Series Malbec,2011,malbec,91,91.915298.5,-0.915298.5
La Poderina Brunello di Montalcino,2007,brunello,93,93.831726.5,-0.831726.5
Valle Las Acequias Malbec Roble,2008,malbec,91,91.829475.5,-0.829475.5
Achaval-Ferrer Finca Mirador Malbec,2011,malbec,93,92.529495.5,0.470505.5
Fuligni Brunello di Montalcino,2007,brunello,95,94.028152.5,0.971848.5
Lisini Brunello di Montalcino,2007,brunello,93,93.960709.5,-0.960709.5
Casanova di Neri Brunello di Montalcino White Label,2008,brunello,90,93.813248.5,-3.813248.5
Uccelliera Brunello di Montalcino Riserva,2006,brunello,96,94.194168.5,1.805832.5
Casanova di Neri Brunello di Montalcino Tenuta Nuova,2008,brunello,94,93.985229.5,0.014771.5
Casanova di Neri Brunello di Montalcino Cerretalto,2007,brunello,97,95.127762.5,1.872238.5
La Poderina Brunello di Montalcino Poggio Abate Riserva,2006,brunello,96,93.887070.5,2.112930.5
Mastrojanni Brunello di Montalcino,2008,brunello,94,94.040565.5,-0.040565.5
Caparzo Brunello di Montalcino,2008,brunello,92,93.739548.5,-1.739548.5
Il Poggione Brunello di Montalcino Riserva Vigna Paganelli,2007,brunello,95,94.273956.5,0.726044.5
Frescobaldi Castelgiocondo Brunello di Montalcino,2008,brunello,93,93.923805.5,-0.923805.5
Banfi Brunello di Montalcino,2008,brunello,93,93.911514.5,-0.911514.5
Castiglion del Bosco Brunello di Montalcino,2007,brunello,92,93.764160.5,-1.764160.5
Altocedro Ano Cero Malbec,2012,malbec,92,91.958229.5,0.041771.5
Tenute Silvio Nardi Brunello di Montalcino,2008,brunello,92,93.800964.5,-1.800964.5
Achaval-Ferrer Mendoza Malbec,2012,malbec,90,91.976654.5,-1.976654.5
Ciacci Piccolomini d'Aragona Brunello di Montalcino,2008,brunello,91,93.647415.5,-2.647415.5
Caparzo Brunello di Montalcino Riserva,2007,brunello,92,93.905434.5,-1.905434.5
Luce Della Vite Brunello di Montalcino,2008,brunello,95,93.985229.5,1.014771.5
Il Poggione Brunello di Montalcino,2008,brunello,91,93.954514.5,-2.954514.5
Argiano Brunello di Montalcino,2008,brunello,93,93.837814.5,-0.837814.5
Camigliano Brunello di Montalcino,2008,brunello,91,93.850098.5,-2.850098.5
La Poderina Brunello di Montalcino,2008,brunello,93,93.856247.5,-0.856247.5
San Filippo Brunello di Montalcino Le Lucere,2004,brunello,92,93.942520.5,-1.942520.5
Tenuta la Fuga Brunello di Montalcino,2006,brunello,93,93.764221.5,-0.764221.5
Conti Costanti Brunello di Montalcino Riserva,2007,brunello,95,94.145035.5,0.854965.5
Fabre Montmayou Grand Vin,2010,malbec,95,92.019760.5,2.980240.5
BenMarco Malbec,2012,malbec,90,91.921371.5,-1.921371.5
La Gerla Brunello di Montalcino,2008,brunello,92,93.800964.5,-1.800964.5
Livio Sassetti Brunello di Montalcino Pertimali,2008,brunello,93,93.770248.5,-0.770248.5
Altesino Brunello di Montalcino,2009,brunello,93,93.905319.5,-0.905319.5
Poggio Il Castellare Brunello di Montalcino,2007,brunello,94,93.905434.5,0.094566.5
Bodega Cuarto Dominio Chento Malbec,2011,malbec,92,91.933716.5,0.066284.5
Terrazas de los Andes Reserva Malbec,2012,malbec,92,91.921371.5,0.078629.5
Caparzo Brunello di Montalcino Riserva,2006,brunello,95,93.948486.5,1.051514.5
Antinori Pian Delle Vigne Brunello Di Montalcino,2008,brunello,92,93.862381.5,-1.862381.5
Bodega Noemia de Patagonia Rio Negro Valley Malbec,2011,malbec,95,92.590912.5,2.409088.5
Susana Balbo Signature Malbec,2012,malbec,92,91.945938.5,0.054062.5
CARO Aruma Malbec,2013,malbec,91,91.939743.5,-0.939743.5
CARO Aruma Malbec,2012,malbec,90,91.915176.5,-1.915176.5
Frescobaldi Castelgiocondo Brunello di Montalcino,2009,brunello,94,93.880753.5,0.119247.5
Casanova di Neri Brunello di Montalcino Cerretalto,2008,brunello,96,95.029373.5,0.970627.5
La Poderina Brunello di Montalcino Poggio Abate Riserva,2007,brunello,94,93.917717.5,0.082283.5
Casanova di Neri Brunello di Montalcino Tenuta Nuova,2009,brunello,93,94.034302.5,-1.034302.5
Pascual Toso Malbec Reserve,2012,malbec,91,91.933655.5,-0.933655.5
Casanova di Neri Brunello di Montalcino White Label,2009,brunello,90,93.880753.5,-3.880753.5
Trivento Eolo Malbec,2011,malbec,94,92.455795.5,1.544205.5
Banfi Brunello di Montalcino,2009,brunello,91,93.954453.5,-2.954453.5
Recuerdo Malbec,2012,malbec,91,91.933655.5,-0.933655.5
Fossacolle Brunello di Montalcino,2009,brunello,92,93.862320.5,-1.862320.5
Caparzo Brunello di Montalcino,2009,brunello,90,93.733337.5,-3.733337.5
La Poderina Brunello di Montalcino Poggio Abate Riserva,2008,brunello,90,94.015930.5,-4.015930.5
Argiano Brunello di Montalcino,2009,brunello,92,93.850037.5,-1.850037.5
Vitanza Brunello di Montalcino Riserva,2006,brunello,93,93.782654.5,-0.782654.5
La Serena Brunello di Montalcino,2008,brunello,92,93.770248.5,-1.770248.5
Tenute Silvio Nardi Brunello di Montalcino,2009,brunello,92,94.065018.5,-2.065018.5
Siro Pacenti Brunello di Montalcino,2007,brunello,97,93.954575.5,3.045425.5
Dona Paula Estate Malbec,2012,malbec,93,91.890671.5,1.109329.5
Vina Amalia Reserva Malbec,2012,malbec,93,91.939804.5,1.060196.5
Catena Alta Malbec,2011,malbec,93,92.074982.5,0.925018.5
La Poderina Brunello di Montalcino,2009,brunello,91,93.837753.5,-2.837753.5
Zuccardi Q Malbec,2012,malbec,91,91.921371.5,-0.921371.5
Fattoria dei Barbi Brunello di Montalcino,2008,brunello,91,93.800964.5,-2.800964.5
Bodegas Nieto Senetiner Malbec,2012,malbec,92,91.921371.5,0.078629.5
Kaiken Ultra Malbec,2012,malbec,94,91.939804.5,2.060196.5
Bodega Calle Alberti 154 Malbec,2012,malbec,91,91.921371.5,-0.921371.5
Altesino Brunello di Montalcino Riserva,2007,brunello,95,93.905434.5,1.094566.5
Tenuta la Fuga Brunello di Montalcino,2009,brunello,90,93.880753.5,-3.880753.5
Il Poggione Brunello di Montalcino,2009,brunello,92,93.954453.5,-1.954453.5
Le Chiuse Brunello di Montalcino Riserva,2006,brunello,91,93.825645.5,-2.825645.5
Valdicava Brunello Riserva Madonna del Piano,2007,brunello,98,95.496284.5,2.503716.5
Valdicava Brunello di Montalcino,2008,brunello,94,94.286247.5,-0.286247.5
Poggio Antico Brunello di Montalcino Altero,2009,brunello,92,94.187851.5,-2.187851.5
Poggio Antico Brunello di Montalcino,2009,brunello,91,93.942169.5,-2.942169.5
Vina Cobos Felino Malbec,2013,malbec,92,91.952026.5,0.047974.5
Fabre Montmayou Grand Vin,2011,malbec,94,92.050415.5,1.949585.5
Durigutti Malbec Reserva,2011,malbec,91,91.964432.5,-0.964432.5
Durigutti Familia Malbec,2009,malbec,95,92.154945.5,2.845055.5
Luigi Bosca Malbec,2012,malbec,93,91.933655.5,1.066345.5
Fuligni Brunello di Montalcino Riserva,2007,brunello,95,94.304672.5,0.695328.5
Il Palazzone Brunello di Montalcino,2009,brunello,91,94.034302.5,-3.034302.5
Fuligni Brunello di Montalcino,2009,brunello,93,93.911469.5,-0.911469.5
Altocedro Reserva Malbec,2012,malbec,93,92.025787.5,0.974213.5
Mendel Malbec,2012,malbec,94,91.945938.5,2.054062.5
Caparzo Brunello di Montalcino Riserva,2009,brunello,90,94.003593.5,-4.003593.5
Vina Cobos Cobos Malbec,2011,malbec,100,92.928787.5,7.071213.5
Vina Cobos Bramare Rebon Vineyard Malbec,2011,malbec,96,92.308380.5,3.691620.5
Vina Cobos Bramare Uco Valley Malbec,2012,malbec,93,92.087212.5,0.912788.5
Bodega Colome Estate Malbec,2012,malbec,92,91.958229.5,0.041771.5
Mastrojanni Brunello di Montalcino Vigna Loreto,2008,brunello,92,94.015991.5,-2.015991.5
Alta Vista Estate Malbec,2013,malbec,90,91.933609.5,-1.933609.5
Antinori Pian Delle Vigne Brunello Di Montalcino,2009,brunello,94,94.157211.5,-0.157211.5
Fabre Montmayou Reserva Malbec,2013,malbec,93,91.915176.5,1.084824.5
Finca Decero Remolinos Vineyard Malbec,2013,malbec,90,91.933609.5,-1.933609.5
BenMarco Malbec,2013,malbec,92,91.933609.5,0.066391.5
Fabre Montmayou Gran Reserva Malbec,2012,malbec,93,91.964371.5,1.035629.5
Casanova di Neri Brunello di Montalcino White Label,2010,brunello,96,93.929710.5,2.070290.5
Gaja Rennina Brunello di Montalcino,2010,brunello,94,94.574753.5,-0.574753.5
Altesino Brunello di Montalcino,2010,brunello,95,93.960541.5,1.039459.5
Gaja Sugarille Brunello di Montalcino,2010,brunello,97,94.605453.5,2.394547.5
Vina Cobos Bramare Rebon Vineyard Malbec,2012,malbec,94,92.332893.5,1.667107.5
Achaval-Ferrer Finca Altamira Malbec,2012,malbec,93,92.578575.5,0.421425.5
La Serena Brunello di Montalcino,2010,brunello,97,93.960541.5,3.039459.5
Gianni Brunelli Brunello di Montalcino,2010,brunello,95,93.837708.5,1.162292.5
Ciacci Piccolomini d'Aragona Brunello di Montalcino,2010,brunello,94,94.359650.5,-0.359650.5
Ciacci Piccolomini d'Aragona Brunello di Montalcino Pianrosso,2010,brunello,98,94.052734.5,3.947266.5
Ciacci Piccolomini d'Aragona Brunello di Montalcino Pianrosso Riserva Santa Caterina d'Oro,2010,brunello,100,94.513329.5,5.486671.5
San Filippo Brunello di Montalcino,2010,brunello,97,93.929840.5,3.070160.5
San Filippo Brunello di Montalcino Le Lucere,2010,brunello,98,94.083389.5,3.916611.5
Voliero Brunello di Montalcino,2010,brunello,96,93.899124.5,2.100876.5
Siro Pacenti Brunello di Montalcino Pelagrilli,2010,brunello,96,93.886841.5,2.113159.5
Siro Pacenti Brunello di Montalcino,2010,brunello,100,94.328949.5,5.671051.5
Argiano Brunello di Montalcino,2010,brunello,98,94.021835.5,3.978165.5
Poggio Antico Brunello di Montalcino,2010,brunello,97,94.021965.5,2.978035.5
Poggio Antico Brunello di Montalcino Altero,2010,brunello,96,94.144806.5,1.855194.5
Canalicchio di Sopra Brunello di Montalcino,2010,brunello,96,94.328949.5,1.671051.5
Castello Romitorio Brunello di Montalcino,2010,brunello,94,93.960541.5,0.039459.5
Castello Romitorio Cru Filo di Seta Brunello di Montalcino,2010,brunello,98,94.212372.5,3.787628.5
Valdicava Brunello di Montalcino,2010,brunello,99,94.328949.5,4.671051.5
Valdicava Brunello Riserva Madonna del Piano,2009,brunello,94,94.433411.5,-0.433411.5
Ricardo Santos Malbec,2013,malbec,90,91.945831.5,-1.945831.5
Casanova di Neri Brunello di Montalcino Tenuta Nuova,2010,brunello,99,95.250252.5,3.749748.5
Caparzo Brunello di Montalcino,2010,brunello,95,93.776283.5,1.223717.5
Caparzo Brunello di Montalcino La Casa,2010,brunello,96,93.985107.5,2.014893.5
Castiglion del Bosco Brunello di Montalcino,2010,brunello,96,93.819275.5,2.180725.5
Pascual Toso Estate Malbec,2013,malbec,90,91.909042.5,-1.909042.5
Fossacolle Brunello di Montalcino,2010,brunello,97,93.899124.5,3.100876.5
Talenti Brunello di Montalcino,2010,brunello,96,93.837708.5,2.162292.5
La Poderina Brunello di Montalcino,2010,brunello,94,93.813141.5,0.186859.5
Altesino Montosoli Brunello di Montalcino,2010,brunello,97,94.451904.5,2.548096.5
Banfi Brunello di Montalcino,2010,brunello,95,93.929840.5,1.070160.5
Achaval-Ferrer Finca Bella Vista Malbec,2012,malbec,92,92.609283.5,-0.609283.5
San Felice Campogiovanni Brunello di Montalcino,2010,brunello,96,93.862274.5,2.137726.5
Piccini Brunello di Montalcino,2010,brunello,94,93.929840.5,0.070160.5
Altocedro Ano Cero Malbec,2013,malbec,90,91.921326.5,-1.921326.5
Fuligni Brunello di Montalcino,2010,brunello,98,94.028107.5,3.971893.5
Banfi Poggio alle Mura Brunello di Montalcino,2010,brunello,97,94.200150.5,2.799850.5
Fattoria dei Barbi Brunello di Montalcino,2010,brunello,96,93.862274.5,2.137726.5
Podere Brizio Brunello di Montalcino,2010,brunello,93,93.899124.5,-0.899124.5
Uccelliera Brunello di Montalcino,2010,brunello,94,93.972824.5,0.027176.5
Tenute Silvio Nardi Brunello di Montalcino,2010,brunello,95,93.892982.5,1.107018.5
La Gerla Brunello di Montalcino,2010,brunello,94,93.929840.5,0.070160.5
Mastrojanni Brunello di Montalcino,2010,brunello,98,94.021965.5,3.978035.5
Il Palazzone Brunello di Montalcino,2010,brunello,95,93.849991.5,1.150009.5
Belasco de Baquedano AR Guentota Malbec,2011,malbec,90,91.945999.5,-1.945999.5
Concha y Toro Gran Reserva Serie Riberas Malbec,2013,malbec,92,91.945892.5,0.054108.5
Il Poggione Brunello di Montalcino,2010,brunello,93,94.144684.5,-1.144684.5
Frescobaldi Castelgiocondo Brunello di Montalcino,2010,brunello,97,93.991257.5,3.008743.5
Ciacci Piccolomini d'Aragona Brunello di Montalcino Pianrosso Riserva Santa Caterina d'Oro,2007,brunello,97,94.083618.5,2.916382.5
Vina Alicia Paso de Piedra Malbec,2012,malbec,90,91.915237.5,-1.915237.5
Le Potazzine Gorelli Brunello di Montalcino,2009,brunello,91,93.850037.5,-2.850037.5
Il Marroneto Brunello di Montalcino,2010,brunello,93,94.021965.5,-1.021965.5
Fanti Brunello di Montalcino,2010,brunello,94,93.813141.5,0.186859.5
Il Marroneto Brunello Madonne delle Grazie,2010,brunello,94,96.816467.5,-2.816467.5
Cordella Brunello di Montalcino,2010,brunello,98,93.960541.5,4.039459.5
Bellaria Brunello di Montalcino Assunto,2010,brunello,97,93.899124.5,3.100876.5
La Fortuna Brunello di Montalcino,2010,brunello,96,93.837708.5,2.162292.5
Marco Lazzeretti Brunello di Montalcino,2010,brunello,94,93.733292.5,0.266708.5
Citille di Sopra Brunello di Montalcino,2010,brunello,96,93.868408.5,2.131592.5
Tapiz Alta Collection Malbec,2012,malbec,93,91.939804.5,1.060196.5
Bodega Monteviejo Festivo Malbec,2013,malbec,91,91.939743.5,-0.939743.5
Ricardo Santos Gran Reserva Malbec,2009,malbec,91,91.982971.5,-0.982971.5
Calcu Malbec,2012,malbec,90,91.896805.5,-1.896805.5
Lamadrid Gran Reserva Malbec,2010,malbec,93,91.952209.5,1.047791.5
Tapiz Seleccion de Barricas Red,2009,malbec,92,91.970688.5,0.029312.5
Alamos Malbec Mendoza Seleccion,2013,malbec,91,91.933609.5,-0.933609.5
MAAL Biutiful Malbec,2013,malbec,91,91.952026.5,-0.952026.5
Conti Costanti Brunello di Montalcino,2009,brunello,92,93.972885.5,-1.972885.5
Val di Suga Vigna del Lago Brunello di Montalcino,2009,brunello,91,93.972885.5,-2.972885.5
Val di Suga Vigna Spuntali Brunello di Montalcino,2009,brunello,92,94.126373.5,-2.126373.5
Val di Suga Poggio al Granchio Brunello di Montalcino,2009,brunello,91,94.095718.5,-3.095718.5
Voliero Brunello di Montalcino,2009,brunello,92,93.794769.5,-1.794769.5
Camigliano Gualto Brunello di Montalcino Riserva,2006,brunello,90,94.071327.5,-4.071327.5
Altesino Montosoli Brunello di Montalcino,2009,brunello,95,94.187851.5,0.812149.5
Le Ragnaie Brunello di Montalcino,2010,brunello,98,94.328949.5,3.671051.5
Le Chiuse Brunello di Montalcino,2010,brunello,95,93.899124.5,1.100876.5
Antucura Malbec,2014,malbec,90,91.951973.5,-1.951973.5
Casarena Lauren's Vineyard Malbec,2011,malbec,91,92.050415.5,-1.050415.5
CARO Aruma Malbec,2014,malbec,90,91.933548.5,-1.933548.5
Caparzo Brunello di Montalcino Riserva,2012,brunello,92,94.156967.5,-2.156967.5
Dona Paula Estate Malbec,2013,malbec,92,91.921326.5,0.078674.5
Poggio Antico Brunello di Montalcino Altero,1997,brunello,94,93.961342.5,0.038658.5
Recuerdo Aliado Malbec,2012,malbec,90,92.007370.5,-2.007370.5
Ruca Malen Malbec,2013,malbec,91,91.933609.5,-0.933609.5
Catena Alta Malbec,2012,malbec,94,92.228477.5,1.771523.5
Zuccardi Q Malbec,2013,malbec,92,91.945892.5,0.054108.5
Livio Sassetti Brunello di Montalcino Pertimali,2010,brunello,100,94.451782.5,5.548218.5
Vina Cobos Bramare Marchiori Vineyard Malbec,2011,malbec,97,92.388229.5,4.611771.5
Vina Cobos Bramare Lujan de Cuyo Malbec,2012,malbec,94,92.062637.5,1.937363.5
Pulenta Estate Malbec,2011,malbec,92,91.958282.5,0.041718.5
Pulenta Gran Malbec X,2011,malbec,92,92.105698.5,-0.105698.5
Mendel Malbec,2013,malbec,93,91.988884.5,1.011116.5
Palazzo Brunello di Montalcino,2010,brunello,98,93.966690.5,4.033310.5
Durigutti Malbec Clasico,2014,malbec,90,91.939690.5,-1.939690.5
Fattoria Scopone Brunello di Montalcino L'Olivare,2010,brunello,95,93.837708.5,1.162292.5
Fattoria Scopone Brunello di Montalcino,2010,brunello,93,93.714859.5,-0.714859.5
Crocus Malbec de Cahors,2011,malbec,90,92.081131.5,-2.081131.5
Il Bosco di Grazia Brunello di Montalcino Grazia,2010,brunello,96,93.837708.5,2.162292.5
Luca Malbec,2013,malbec,93,92.007309.5,0.992691.5
Vina Cobos Felino Malbec,2014,malbec,91,91.958115.5,-0.958115.5
Marcelo Pelleriti Reserve Malbec,2012,malbec,93,91.933655.5,1.066345.5
Titus Malbec,2012,malbec,91,92.087212.5,-1.087212.5
Bodega Cuarto Dominio Chento Malbec,2012,malbec,91,91.927521.5,-0.927521.5
Catena Zapata Argentino Vineyard Malbec,2011,malbec,92,92.590912.5,-0.590912.5
Bodegas Nieto Senetiner Terroir Blend Malbec,2012,malbec,92,91.995087.5,0.004913.5
MAAL Imposible Malbec,2013,malbec,91,91.995026.5,-0.995026.5
Antinori Pian Delle Vigne Brunello Di Montalcino,2010,brunello,96,94.021965.5,1.978035.5
Susana Balbo Signature Malbec,2013,malbec,92,91.976601.5,0.023399.5
Collosorbo Brunello di Montalcino,2010,brunello,92,93.837708.5,-1.837708.5
Luigi Bosca Single Vineyard Malbec,2013,malbec,90,91.995026.5,-1.995026.5
Riglos Gran Malbec,2013,malbec,91,92.013458.5,-1.013458.5
Riglos Quinto Malbec,2014,malbec,90,91.988831.5,-1.988831.5
Vina Cobos Bramare Marchiori Vineyard Malbec,2012,malbec,95,92.296036.5,2.703964.5
Angulo Innocenti Unisono,2011,malbec,92,92.062698.5,-0.062698.5
Casarena Reservado Malbec,2013,malbec,91,91.958176.5,-0.958176.5
Kaiken Ultra Malbec,2013,malbec,93,91.958176.5,1.041824.5
Val di Suga Brunello di Montalcino,2010,brunello,92,94.077301.5,-2.077301.5
Fattoria dei Barbi Brunello di Montalcino Vigna del Fiore,2005,brunello,90,94.052956.5,-4.052956.5
Bodegas Renacer Punto Final Malbec Reserva,2013,malbec,90,91.952026.5,-1.952026.5
Terrazas de los Andes Reserva Malbec,2013,malbec,92,91.958176.5,0.041824.5
Bodega Colome Reserva Malbec,2010,malbec,94,92.388290.5,1.611710.5
Vina Cobos Bramare Lujan de Cuyo Malbec,2013,malbec,92,92.068726.5,-0.068726.5
Casanuova delle Cerbaie Brunello di Montalcino,1997,brunello,94,94.207024.5,-0.207024.5
Trivento Golden Reserve Malbec,2013,malbec,92,91.964310.5,0.035690.5
Bodega Colome Estate Malbec,2013,malbec,93,91.995026.5,1.004974.5
Il Poggione Brunello di Montalcino Riserva Vigna Paganelli,2010,brunello,97,94.237000.5,2.763000.5
Koyle LTU Malbec,2009,malbec,93,92.105804.5,0.894196.5
Valdicava Brunello Riserva Madonna del Piano,2010,brunello,100,95.188950.5,4.811050.5
Pulenta Estate Malbec,2012,malbec,90,91.976654.5,-1.976654.5
Altesino Brunello di Montalcino,2011,brunello,92,93.911346.5,-1.911346.5
Il Poggione Brunello di Montalcino,2011,brunello,93,94.009628.5,-1.009628.5
Bodega Cuarto Dominio Tolentino Winemaker's Selection Malbec,2014,malbec,91,91.958115.5,-0.958115.5
Casarena Jamilla's Vineyard Malbec,2012,malbec,90,92.013504.5,-2.013504.5
Frescobaldi Castelgiocondo Brunello di Montalcino Riserva,2009,brunello,94,94.384399.5,-0.384399.5
Caparzo Brunello di Montalcino,2012,brunello,91,93.813019.5,-2.813019.5
Luigi Bosca Malbec,2013,malbec,92,91.945892.5,0.054108.5
Finca El Origen Reserva Malbec,2015,malbec,90,91.951920.5,-1.951920.5
Bodegas Y Vinedos O. Fournier Urban Uco Malbec,2014,malbec,90,91.927399.5,-1.927399.5
Belasco de Baquedano Llama Malbec,2015,malbec,92,91.958061.5,0.041939.5
Zuccardi Q Malbec,2014,malbec,92,91.970398.5,0.029602.5
Argiano Brunello di Montalcino,2011,brunello,93,93.892929.5,-0.892929.5
Camigliano Brunello di Montalcino,2011,brunello,93,93.886780.5,-0.886780.5
Ruca Malen Terroir Series Malbec,2013,malbec,91,91.958176.5,-0.958176.5
Casarena Lauren's Vineyard Malbec,2012,malbec,92,92.093353.5,-0.093353.5
Don Rodolfo Malbec,2015,malbec,90,91.951920.5,-1.951920.5
Ricardo Santos Malbec,2014,malbec,90,91.964264.5,-1.964264.5
La Serena Brunello di Montalcino Riserva Gemini,2007,brunello,97,94.028275.5,2.971725.5
Casanova di Neri Brunello di Montalcino Tenuta Nuova,2011,brunello,94,94.083328.5,-0.083328.5
Antucura Malbec,2015,malbec,91,91.982635.5,-0.982635.5
Molino di Sant'Antimo Brunello di Montalcino VARCO 84,2010,brunello,93,93.776283.5,-0.776283.5
Caparzo Brunello di Montalcino,2011,brunello,93,93.782364.5,-0.782364.5
MAAL Biutiful Malbec,2014,malbec,90,91.970398.5,-1.970398.5
Camigliano Gualto Brunello di Montalcino Riserva,2010,brunello,96,94.206223.5,1.793777.5
Ciacci Piccolomini d'Aragona Brunello di Montalcino,2011,brunello,94,93.856071.5,0.143929.5
La Serena Brunello di Montalcino Riserva Gemini,2010,brunello,96,94.144806.5,1.855194.5
San Filippo Brunello di Montalcino,2011,brunello,94,93.868355.5,0.131645.5
Uccelliera Brunello di Montalcino,2011,brunello,94,93.972771.5,0.027229.5
Uccelliera Brunello di Montalcino Riserva,2010,brunello,98,94.543915.5,3.456085.5
Voliero Brunello di Montalcino,2011,brunello,94,93.806931.5,0.193069.5
Mocali Raunate Brunello di Montalcino Riserva,2010,brunello,95,94.052734.5,0.947266.5
Siro Pacenti Vecchie Vigne Brunello di Montalcino,2011,brunello,97,94.071045.5,2.928955.5
Siro Pacenti PS Brunello di Montalcino Riserva,2010,brunello,97,94.507248.5,2.492752.5
Mastrojanni Brunello di Montalcino,2011,brunello,93,93.856071.5,-0.856071.5
Trivento Eolo Malbec,2012,malbec,92,92.425018.5,-0.425018.5
Castiglion del Bosco Brunello di Montalcino,2011,brunello,91,93.837646.5,-2.837646.5
TintoNegro Limestone Block Malbec,2013,malbec,90,91.952026.5,-1.952026.5
Fossacolle Brunello di Montalcino Riserva,2010,brunello,93,94.206223.5,-1.206223.5
Ruca Malen Reserva Malbec,2014,malbec,90,91.964264.5,-1.964264.5
Fossacolle Brunello di Montalcino,2011,brunello,94,93.886780.5,0.113220.5
Bodega Rolland Mariflor Malbec,2012,malbec,93,91.995087.5,1.004913.5
Salvioni Brunello di Montalcino,2011,brunello,93,94.470276.5,-1.470276.5
Conti Costanti Brunello di Montalcino,2011,brunello,93,94.009628.5,-1.009628.5
La Serena Brunello di Montalcino,2011,brunello,90,93.794647.5,-3.794647.5
Altesino Montosoli Brunello di Montalcino,2011,brunello,94,94.101753.5,-0.101753.5
Gaja Rennina Brunello di Montalcino,2011,brunello,92,94.593117.5,-2.593117.5
Bodega Noemia de Patagonia Rio Negro Valley Malbec,2013,malbec,98,92.689072.5,5.310928.5
Pulenta Gran Malbec X,2012,malbec,94,92.087212.5,1.912788.5
Mocali Brunello di Montalcino Riserva,2010,brunello,92,94.052673.5,-2.052673.5
Banfi Brunello di Montalcino,2011,brunello,92,93.942062.5,-1.942062.5
Fattoi Ofelio & Figli Brunello di Montalcino,2008,brunello,90,93.893097.5,-3.893097.5
Canalicchio di Sopra Brunello di Montalcino,2009,brunello,91,93.972885.5,-2.972885.5
Podere Giodo Brunello di Montalcino,2010,brunello,100,94.636047.5,5.363953.5
La Gerla Brunello di Montalcino,2011,brunello,93,93.911346.5,-0.911346.5
Tapiz Alta Collection Malbec,2013,malbec,95,91.958176.5,3.041824.5
Altesino Brunello di Montalcino Riserva,2010,brunello,97,94.322983.5,2.677017.5
Col d'Orcia Brunello di Montalcino,2011,brunello,91,93.874496.5,-2.874496.5
Fattoria dei Barbi Brunello di Montalcino Vigna del Fiore,2010,brunello,93,94.083389.5,-1.083389.5
Le Chiuse Brunello di Montalcino,2008,brunello,92,93.893097.5,-1.893097.5
Achaval-Ferrer Finca Altamira Malbec,2013,malbec,93,92.627655.5,0.372345.5
Banfi Brunello di Montalcino,2012,brunello,93,93.966568.5,-0.966568.5
Vina Alicia Las Compuertas Malbec,2011,malbec,92,91.976715.5,0.023285.5
El Esteco Don David Malbec Reserve,2014,malbec,91,91.964264.5,-0.964264.5
Casanova di Neri Brunello di Montalcino Cerretalto,2010,brunello,100,95.987297.5,4.012703.5
Kaiken Ultra Malbec,2014,malbec,91,91.982681.5,-0.982681.5
Caparzo Brunello di Montalcino Riserva,2010,brunello,95,94.021965.5,0.978035.5
Yacochuya San Pedro De Yacochuya Malbec,2012,malbec,91,91.909088.5,-0.909088.5
Molino di Sant'Antimo Brunello di Montalcino VARCO 84,2011,brunello,92,93.825302.5,-1.825302.5
Fanti Brunello di Montalcino,2011,brunello,93,93.813080.5,-0.813080.5
Vina Cobos Bramare Marchiori Vineyard Malbec,2013,malbec,95,92.381973.5,2.618027.5
Molino di Sant'Antimo Brunello di Montalcino,2011,brunello,91,93.757797.5,-2.757797.5
Catena Alta Malbec,2013,malbec,94,92.136292.5,1.863708.5
Le Gode Brunello di Montalcino,2006,brunello,95,93.979263.5,1.020737.5
Frescobaldi Castelgiocondo Brunello di Montalcino,2011,brunello,93,93.843719.5,-0.843719.5
Argiano Brunello di Montalcino Riserva,2010,brunello,92,95.188950.5,-3.188950.5
Concha y Toro Gran Reserva Serie Riberas Malbec,2014,malbec,90,91.958115.5,-1.958115.5
Piccini Brunello di Montalcino,2011,brunello,90,93.837646.5,-3.837646.5
Le Chiuse Brunello di Montalcino,2011,brunello,92,93.911346.5,-1.911346.5
Fuligni Brunello di Montalcino,2011,brunello,94,94.009628.5,-0.009628.5
Achaval-Ferrer Mendoza Malbec,2014,malbec,90,92.013397.5,-2.013397.5
Mendel Unus,2012,malbec,95,92.105637.5,2.894363.5
Donatella Cinelli Colombini Brunello di Montalcino,2011,brunello,93,93.978912.5,-0.978912.5
TintoNegro Mendoza Malbec,2015,malbec,91,91.927353.5,-0.927353.5
Gaja Sugarille Brunello di Montalcino,2011,brunello,93,94.593117.5,-1.593117.5
Bodega NQN Malma Finca La Papay Malbec,2015,malbec,92,91.951920.5,0.048080.5
Poggio Antico Brunello di Montalcino,2011,brunello,93,93.960480.5,-0.960480.5
Poggio Antico Brunello di Montalcino Altero,2011,brunello,95,93.978912.5,1.021088.5
Poggio Antico Brunello di Montalcino Riserva,2010,brunello,98,94.359772.5,3.640228.5
Le Potazzine Gorelli Brunello di Montalcino,2011,brunello,92,93.905212.5,-1.905212.5
Le Potazzine Gorelli Brunello di Montalcino,2008,brunello,91,93.960663.5,-2.960663.5
Trapiche Broquel Malbec,2014,malbec,90,91.939690.5,-1.939690.5
Fabre Montmayou Reserva Malbec,2014,malbec,91,91.939690.5,-0.939690.5
Altos las Hormigas Uco Valley Terroir Malbec,2013,malbec,90,91.945892.5,-1.945892.5
Pulenta Estate Malbec,2013,malbec,92,91.982742.5,0.017258.5
La Gerla Riserva Vigna Gli Angeli Brunello di Montalcino,2010,brunello,96,94.083389.5,1.916611.5
Luce Della Vite Brunello di Montalcino,2011,brunello,95,94.224594.5,0.775406.5
Finca Decero Remolinos Vineyard Malbec,2014,malbec,92,91.958115.5,0.041885.5
Fattoria dei Barbi Brunello di Montalcino,2011,brunello,91,93.874496.5,-2.874496.5
Gianni Brunelli Brunello di Montalcino,2011,brunello,92,93.905212.5,-1.905212.5
Tenute Silvio Nardi Brunello di Montalcino,2011,brunello,91,93.794647.5,-2.794647.5
Mocali Brunello di Montalcino,2011,brunello,91,93.788513.5,-2.788513.5
Crios de Susana Balbo Malbec,2015,malbec,90,91.939636.5,-1.939636.5
Fabre Montmayou Grand Vin,2012,malbec,93,92.081070.5,0.918930.5
Poggio Antico Brunello di Montalcino Altero,2004,brunello,93,93.973167.5,-0.973167.5
Corte Pavone Brunello di Montalcino,2010,brunello,95,94.083389.5,0.916611.5
Corte Pavone Brunello di Montalcino,2006,brunello,96,93.887070.5,2.112930.5
Catena Zapata Nicasia Vineyard Malbec,2012,malbec,95,92.517151.5,2.482849.5
Fuligni Brunello di Montalcino Riserva,2010,brunello,99,94.544037.5,4.455963.5
Livio Sassetti Brunello di Montalcino Pertimali Riserva,2010,brunello,96,94.329071.5,1.670929.5
Mendel Malbec,2014,malbec,91,92.001114.5,-1.001114.5
La Poderina Brunello di Montalcino Poggio Abate Riserva,2010,brunello,95,94.021965.5,0.978035.5
Bodegas Renacer Renacer Malbec,2012,malbec,90,92.302185.5,-2.302185.5
Castiglion del Bosco Brunello di Montalcino Campo del Drago,2010,brunello,96,94.144806.5,1.855194.5
Andeluna Malbec,2015,malbec,90,91.945770.5,-1.945770.5
Achaval-Ferrer Finca Mirador Malbec,2013,malbec,95,92.689072.5,2.310928.5
Achaval-Ferrer Finca Bella Vista Malbec,2013,malbec,95,92.689072.5,2.310928.5
Castiglion del Bosco Brunello di Montalcino Campo del Drago,2008,brunello,92,94.015991.5,-2.015991.5
Vina Cobos Bramare Rebon Vineyard Malbec,2013,malbec,95,92.412689.5,2.587311.5
Bodega Colome Estate Malbec,2014,malbec,92,92.001114.5,-0.001114.5
Dona Paula Malbec Seleccion de Bodega,2011,malbec,91,92.031998.5,-1.031998.5
Trapiche Oak Cask Malbec,2015,malbec,90,91.933487.5,-1.933487.5
Terrazas de los Andes Reserva Malbec,2014,malbec,92,91.982681.5,0.017319.5
Vina Cobos Felino Malbec,2015,malbec,91,91.994919.5,-0.994919.5
Tapiz Alta Collection Malbec,2014,malbec,95,91.970398.5,3.029602.5
Zuccardi Serie A Malbec,2015,malbec,91,91.951920.5,-0.951920.5
Luca Malbec,2014,malbec,90,92.025681.5,-2.025681.5
Tikal Amorio Malbec,2013,malbec,91,92.025742.5,-1.025742.5
Val di Suga Poggio al Granchio Brunello di Montalcino,2010,brunello,93,94.083389.5,-1.083389.5
Vina Cobos Cobos Malbec,2013,malbec,99,93.026886.5,5.973114.5
Altos las Hormigas Reserva Malbec,2014,malbec,92,92.007248.5,-0.007248.5
Zuccardi Q Malbec,2015,malbec,94,91.988770.5,2.011230.5
Vina Cobos Bramare Uco Valley Malbec,2014,malbec,94,92.087097.5,1.912903.5
Vaglio Aggie Malbec,2014,malbec,93,91.964264.5,1.035736.5
Vaglio Temple Malbec,2014,malbec,94,91.964264.5,2.035736.5
Trivento Golden Reserve Malbec,2014,malbec,92,91.988831.5,0.011169.5
Donatella Cinelli Colombini Brunello di Montalcino Riserva,2010,brunello,94,94.236938.5,-0.236938.5
Casisano Brunello di Montalcino,2011,brunello,93,93.856071.5,-0.856071.5
Poggio San Polo Brunello di Montalcino,2011,brunello,95,93.948196.5,1.051804.5
Maipe Reserve Malbec,2015,malbec,92,91.994919.5,0.005081.5
Val di Suga Brunello di Montalcino,2011,brunello,92,93.978912.5,-1.978912.5
Antinori Pian Delle Vigne Brunello Di Montalcino,2011,brunello,94,93.917496.5,0.082504.5
Mendel Unus,2013,malbec,95,92.117867.5,2.882133.5
Fattoria dei Barbi Brunello di Montalcino Riserva,2008,brunello,91,94.169487.5,-3.169487.5
Il Palazzone Brunello di Montalcino Riserva,2010,brunello,95,94.083389.5,0.916611.5
Salentein Reserve Malbec,2015,malbec,90,91.994919.5,-1.994919.5
Capanna Brunello di Montalcino Riserva,2010,brunello,97,93.985107.5,3.014893.5
Kaiken Reserva Malbec,2015,malbec,91,91.933487.5,-0.933487.5
Bodegas Renacer Punto Final Malbec Reserva,2014,malbec,91,91.970398.5,-0.970398.5
Capanna Brunello di Montalcino,2010,brunello,94,93.917549.5,0.082451.5
Altos las Hormigas Clasico Malbec,2015,malbec,90,91.945770.5,-1.945770.5
Norton Malbec Reserva,2014,malbec,91,91.927399.5,-0.927399.5
Renieri Brunello di Montalcino Riserva,2010,brunello,100,94.144806.5,5.855194.5
Catena Zapata Argentino Vineyard Malbec,2012,malbec,98,92.578575.5,5.421425.5
La Posta Fazzio Malbec,2015,malbec,92,91.964203.5,0.035797.5
Achaval-Ferrer Mendoza Malbec,2015,malbec,92,92.001053.5,-0.001053.5
Catena Zapata Adrianna Vineyard Fortuna Terrae Malbec,2012,malbec,100,92.670700.5,7.329300.5
Podere Brizio Brunello di Montalcino,2011,brunello,90,93.819214.5,-3.819214.5
Fabre Montmayou Grand Vin,2013,malbec,93,92.087158.5,0.912842.5
Bodega Noemia de Patagonia J. Alberto,2014,malbec,94,92.093246.5,1.906754.5
Andeluna Altitud Malbec,2014,malbec,92,91.982681.5,0.017319.5
Bodegas Nieto Senetiner Don Nicanor Barrel Select Malbec,2014,malbec,93,92.025681.5,0.974319.5
Susana Balbo Signature Malbec,2014,malbec,93,91.988831.5,1.011169.5
Bodega Noemia de Patagonia J. Alberto,2015,malbec,93,92.185318.5,0.814682.5
Trivento Eolo Malbec,2013,malbec,94,92.381973.5,1.618027.5
Molino di Sant'Antimo Brunello di Montalcino Riserva,2010,brunello,93,93.929840.5,-0.929840.5
Canalicchio di Sopra Brunello di Montalcino,2011,brunello,93,93.978851.5,-0.978851.5
Canalicchio di Sopra Brunello di Montalcino Riserva,2010,brunello,98,94.329071.5,3.670929.5
Bodegas Nieto Senetiner Don Nicanor Malbec,2014,malbec,91,91.964264.5,-0.964264.5
Ernesto Catena Selections Padrillos Malbec,2015,malbec,92,91.939636.5,0.060364.5
Calcu Malbec,2014,malbec,90,91.933548.5,-1.933548.5
Fabre Montmayou Reserva Malbec,2015,malbec,91,91.964203.5,-0.964203.5
Capanna Brunello di Montalcino,2009,brunello,91,93.850037.5,-2.850037.5
Valdicava Brunello di Montalcino,2012,brunello,96,94.120117.5,1.879883.5
Canalicchio di Sopra Brunello di Montalcino,2012,brunello,95,94.058701.5,0.941299.5
Vina Alicia Paso de Piedra Malbec,2013,malbec,90,91.958176.5,-1.958176.5
Kaiken Ultra Malbec,2015,malbec,93,91.982635.5,1.017365.5
Livio Sassetti Brunello di Montalcino Pertimali,2011,brunello,92,93.874496.5,-1.874496.5
Ruta 22 Malbec,2016,malbec,90,91.958008.5,-1.958008.5
Bodegas Nieto Senetiner Don Nicanor Malbec,2015,malbec,92,91.982635.5,0.017365.5
Argiano Brunello di Montalcino,2012,brunello,96,93.843674.5,2.156326.5
Talenti Brunello di Montalcino,2012,brunello,95,93.794586.5,1.205414.5
Ciacci Piccolomini d'Aragona Brunello di Montalcino,2012,brunello,94,93.923569.5,0.076431.5
Ciacci Piccolomini d'Aragona Brunello di Montalcino Pianrosso,2012,brunello,97,93.978851.5,3.021149.5
Gianni Brunelli Brunello di Montalcino,2012,brunello,93,93.917435.5,-0.917435.5
La Serena Brunello di Montalcino,2012,brunello,93,93.874435.5,-0.874435.5
Le Potazzine Gorelli Brunello di Montalcino,2012,brunello,91,93.966568.5,-2.966568.5
Uccelliera Brunello di Montalcino,2012,brunello,95,93.905151.5,1.094849.5
Mocali Brunello di Montalcino,2012,brunello,93,93.843735.5,-0.843735.5
Mocali Vigna Raunate Brunello di Montalcino,2012,brunello,94,93.886719.5,0.113281.5
Siro Pacenti Brunello di Montalcino Pelagrilli,2012,brunello,95,93.849869.5,1.150131.5
Siro Pacenti Vecchie Vigne Brunello di Montalcino,2012,brunello,95,94.089417.5,0.910583.5
Poggio Nardone Brunello di Montalcino,2012,brunello,94,93.782303.5,0.217697.5
Altesino Brunello di Montalcino,2012,brunello,93,93.935860.5,-0.935860.5
Altesino Montosoli Brunello di Montalcino,2012,brunello,97,94.242966.5,2.757034.5
Livio Sassetti Brunello di Montalcino Pertimali,2012,brunello,98,93.997284.5,4.002716.5
San Filippo Brunello di Montalcino,2012,brunello,93,93.899002.5,-0.899002.5
San Filippo Brunello di Montalcino Le Lucere,2012,brunello,98,93.997284.5,4.002716.5
Bodegas Y Vinedos O. Fournier Alfa Crux Malbec,2011,malbec,92,92.031998.5,-0.031998.5
Castiglion del Bosco Brunello di Montalcino,2012,brunello,96,93.862152.5,2.137848.5
Casanuova delle Cerbaie Brunello di Montalcino,2012,brunello,96,93.874435.5,2.125565.5
La Rasina Brunello di Montalcino,2012,brunello,96,93.813019.5,2.186981.5
Renieri Brunello di Montalcino,2012,brunello,95,93.966568.5,1.033432.5
Fanti Brunello di Montalcino,2012,brunello,94,93.868301.5,0.131699.5
Alamos Malbec Mendoza Seleccion,2015,malbec,92,91.988770.5,0.011230.5
La Poderina Brunello di Montalcino Poggio Abate Riserva,2011,brunello,92,94.101753.5,-2.101753.5
Gianni Brunelli Brunello di Montalcino Riserva,2006,brunello,93,94.194168.5,-1.194168.5
La Fortuna Brunello di Montalcino Riserva,2010,brunello,97,94.052673.5,2.947327.5
Fattoria dei Barbi Brunello di Montalcino,2012,brunello,91,93.813019.5,-2.813019.5
Ricardo Santos Malbec,2015,malbec,90,91.970345.5,-1.970345.5
Frescobaldi Castelgiocondo Brunello di Montalcino,2012,brunello,93,94.052559.5,-1.052559.5
La Posta Angel Paulucci Vineyard Malbec,2015,malbec,90,91.970345.5,-1.970345.5
Flechas De Los Andes Gran Malbec,2013,malbec,92,92.007309.5,-0.007309.5
Terrazas de los Andes Reserva Malbec,2015,malbec,92,91.988770.5,0.011230.5
Molino di Sant'Antimo Brunello di Montalcino,2012,brunello,93,93.800735.5,-0.800735.5
Casanova di Neri Brunello di Montalcino Tenuta Nuova,2012,brunello,96,94.150833.5,1.849167.5
Casanova di Neri Brunello di Montalcino White Label,2012,brunello,92,93.966568.5,-1.966568.5
Siro Pacenti Brunello di Montalcino Pelagrilli,2011,brunello,91,93.819214.5,-2.819214.5
Tapiz Seleccion de Barricas Red,2011,malbec,93,92.025848.5,0.974152.5
Il Poggione Brunello di Montalcino,2012,brunello,93,94.027985.5,-1.027985.5
Poggio San Polo Brunello di Montalcino,2012,brunello,91,93.935860.5,-2.935860.5
TintoNegro Uco Valley-Mendoza Malbec,2015,malbec,89,91.951920.5,-2.951920.5
La Rasina Brunello di Montalcino,2004,brunello,93,93.702911.5,-0.702911.5
Ricardo Santos Gran Reserva Malbec,2011,malbec,91,92.025848.5,-1.025848.5
Tomero Malbec Gran Reserva,2013,malbec,93,92.259140.5,0.740860.5
San Felice Campogiovanni Brunello di Montalcino,2012,brunello,93,93.911285.5,-0.911285.5
Marcelo Pelleriti Reserve Malbec,2014,malbec,93,91.970398.5,1.029602.5
San Felice Campogiovanni Brunello di Montalcino,2011,brunello,93,93.911346.5,-0.911346.5
Zuccardi Concreto Malbec,2015,malbec,93,92.074760.5,0.925240.5
La Colombina Brunello di Montalcino,2012,brunello,92,93.782303.5,-1.782303.5
TintoNegro Limestone Block Malbec,2014,malbec,91,91.976547.5,-0.976547.5
Capanna Brunello di Montalcino,2011,brunello,93,93.794647.5,-0.794647.5
Collosorbo Brunello di Montalcino,2011,brunello,93,93.849930.5,-0.849930.5
Fanti Vigne le Macchiarelle Brunello di Montalcino Riserva,2010,brunello,97,94.175522.5,2.824478.5
Fanti Vallocchio Brunello di Montalcino,2012,brunello,92,93.960434.5,-1.960434.5
Achaval-Ferrer Finca Altamira Malbec,2014,malbec,96,92.646027.5,3.353973.5
Le Chiuse Brunello di Montalcino,2012,brunello,93,94.027985.5,-1.027985.5
Caparzo Brunello di Montalcino La Casa,2011,brunello,94,94.021912.5,-0.021912.5
Antinori Pian Delle Vigne Brunello Di Montalcino,2012,brunello,94,94.027985.5,-0.027985.5
Vitanza Tradizione Brunello di Montalcino,2008,brunello,90,93.856247.5,-3.856247.5
Poggio di Sotto Brunello di Montalcino Riserva,2010,brunello,98,96.970146.5,1.029854.5
Camigliano Brunello di Montalcino,2012,brunello,92,93.843735.5,-1.843735.5
Collosorbo Brunello di Montalcino,2012,brunello,95,93.813019.5,1.186981.5
Fuligni Brunello di Montalcino dei Cottimelli,2006,brunello,96,94.255585.5,1.744415.5
Voliero Brunello di Montalcino,2012,brunello,91,93.923569.5,-2.923569.5
Piancornello Brunello di Montalcino,2011,brunello,93,93.856071.5,-0.856071.5
Molino di Sant'Antimo Brunello di Montalcino VARCO 84,2012,brunello,92,93.868301.5,-1.868301.5
De Martino Las Cruces Malbec,2013,malbec,95,92.105583.5,2.894417.5
De Martino Limavida Malbec,2011,malbec,92,92.031998.5,-0.031998.5
Bodega Noemia de Patagonia Rio Negro Valley Malbec,2014,malbec,95,92.461761.5,2.538239.5
Bodega Monteviejo Lindaflor La Violeta,2009,malbec,94,92.437485.5,1.562515.5
Col d'Orcia Brunello di Montalcino,2012,brunello,93,93.892868.5,-0.892868.5
Bodega Cuarto Dominio Malbec,2014,malbec,95,92.191513.5,2.808487.5
Bodega Aniello 006 Malbec,2015,malbec,91,91.964203.5,-0.964203.5
Bodegas San Huberto La Rioja Malbec,2015,malbec,90,91.921204.5,-1.921204.5
Cuvelier Los Andes Malbec,2015,malbec,92,91.976486.5,0.023514.5
Altos las Hormigas Gualtallary Malbec,2014,malbec,92,92.093246.5,-0.093246.5
Bodini Malbec,2016,malbec,90,91.964142.5,-1.964142.5
Mendel Malbec,2015,malbec,93,92.031769.5,0.968231.5
Altos las Hormigas Uco Valley Terroir Malbec,2015,malbec,89,91.982635.5,-2.982635.5
Camigliano Gualto Brunello di Montalcino Riserva,2011,brunello,92,94.101753.5,-2.101753.5
Fossacolle Brunello di Montalcino,2012,brunello,92,93.997284.5,-1.997284.5
Fanti Vallocchio Brunello di Montalcino,2010,brunello,94,93.929840.5,0.070160.5
CARO Aruma Malbec,2016,malbec,91,91.976425.5,-0.976425.5
Kaiken Mai Malbec,2013,malbec,97,92.320557.5,4.679443.5
Vina Cobos Felino Malbec,2016,malbec,92,92.007141.5,-0.007141.5
Zuccardi Finca Canal Uco,2012,malbec,95,92.547867.5,2.452133.5
Catena Zapata Adrianna Vineyard Fortuna Terrae Malbec,2013,malbec,96,92.682938.5,3.317062.5
Finca Sophenia  E.S. Vino Malbec,2014,malbec,92,91.908981.5,0.091019.5
Trapiche Oak Cask Malbec,2016,malbec,90,91.951859.5,-1.951859.5
Achaval-Ferrer Mendoza Malbec,2016,malbec,91,91.994797.5,-0.994797.5
Vina Cobos Bramare Lujan de Cuyo Malbec,2014,malbec,96,92.080956.5,3.919044.5
Tenute Silvio Nardi Brunello di Montalcino,2012,brunello,93,93.923569.5,-0.923569.5
Alamos Malbec,2016,malbec,91,91.945724.5,-0.945724.5
Donatella Cinelli Colombini Brunello di Montalcino,2012,brunello,92,93.997284.5,-1.997284.5
Zuccardi Aluvional Altamira Malbec,2012,malbec,96,92.332893.5,3.667107.5
Caparzo Brunello di Montalcino La Casa,2012,brunello,94,94.027985.5,-0.027985.5
Catena Alta Malbec,2014,malbec,95,92.130096.5,2.869904.5
Poggio Antico Brunello di Montalcino,2012,brunello,95,93.978851.5,1.021149.5
Finca Decero Remolinos Vineyard Malbec,2015,malbec,90,91.976425.5,-1.976425.5
La Fortuna Brunello di Montalcino Riserva,2010,brunello,97,93.972824.5,3.027176.5
Palazzo Brunello di Montalcino,2010,brunello,98,93.880692.5,4.119308.5
Fattoria La Lecciaia Brunello di Montalcino,2012,brunello,92,93.825302.5,-1.825302.5
Azienda Vitivinicola Terre Nere Brunello di Montalcino Campigli Vallone,2010,brunello,95,93.972824.5,1.027176.5
Fattoria La Lecciaia Brunello di Montalcino,2009,brunello,90,93.819336.5,-3.819336.5
La Poderina Brunello di Montalcino Poggio Abate Riserva,2012,brunello,92,94.120117.5,-2.120117.5
Graffito Malbec,2015,malbec,92,91.988770.5,0.011230.5
Donna Olga Brunello di Montalcino,2004,brunello,90,93.678345.5,-3.678345.5
La Colombina Brunello di Montalcino,2013,brunello,91,93.862106.5,-2.862106.5
Manos Negras Stone Soil Select Malbec,2014,malbec,93,91.976547.5,1.023453.5
Fuligni Brunello di Montalcino,2012,brunello,95,94.089417.5,0.910583.5
El Enemigo Malbec,2014,malbec,90,92.001114.5,-2.001114.5
Argento Reserva Malbec,2014,malbec,92,91.964264.5,0.035736.5
Dona Paula Malbec Seleccion de Bodega,2014,malbec,92,92.080956.5,-0.080956.5
Luca Old Vine Malbec,2015,malbec,93,92.050186.5,0.949814.5
Pulenta Gran Malbec X,2013,malbec,97,92.105583.5,4.894417.5
Vina Cobos Bramare Rebon Vineyard Malbec,2014,malbec,94,92.400345.5,1.599655.5
Vina Cobos Bramare Marchiori Vineyard Malbec,2014,malbec,94,92.431053.5,1.568947.5
Zuccardi Aluvional Altamira Malbec,2013,malbec,94,92.320557.5,1.679443.5
Zuccardi Finca Piedra Infinita Altamira,2013,malbec,96,92.504822.5,3.495178.5
Bodegas Renacer Punto Final Malbec Reserva,2015,malbec,90,91.988770.5,-1.988770.5
Ernesto Catena Selections Tahuan Malbec,2015,malbec,90,91.964203.5,-1.964203.5
Verum Malbec,2014,malbec,92,91.958115.5,0.041885.5
Castiglion del Bosco Brunello di Montalcino Campo del Drago,2011,brunello,93,94.132462.5,-1.132462.5
Famiglia Bianchi Malbec,2014,malbec,91,91.964264.5,-0.964264.5
Alta Vista Premium Malbec,2015,malbec,89,91.994919.5,-2.994919.5
Catena Malbec,2015,malbec,92,91.982635.5,0.017365.5
Caparzo Brunello di Montalcino Riserva,2011,brunello,92,94.071045.5,-2.071045.5
Dona Paula Estate Malbec,2016,malbec,92,91.964142.5,0.035858.5
La Gerla Brunello di Montalcino,2012,brunello,91,93.905151.5,-2.905151.5
Capanna Brunello di Montalcino,2012,brunello,94,93.899002.5,0.100998.5
Trivento Golden Reserve Malbec,2015,malbec,94,92.001053.5,1.998947.5
Tomero Malbec Gran Reserva,2015,malbec,92,92.326584.5,-0.326584.5
Mocali Brunello di Montalcino Vigna delle Raunate Riserva,2012,brunello,95,93.837585.5,1.162415.5
Eighty Four Malbec,2013,malbec,91,92.136292.5,-1.136292.5
Altos las Hormigas Appellation Paraje Altamira Malbec,2015,malbec,93,92.130035.5,0.869965.5
Mocali Brunello di Montalcino Riserva,2011,brunello,93,93.978912.5,-0.978912.5
Antinori Pian delle Vigne Vignaferrovia Brunello di Montalcino Riserva,2010,brunello,98,94.421265.5,3.578735.5
Concha y Toro Gran Reserva Serie Riberas Malbec,2015,malbec,92,91.964203.5,0.035797.5
Mastrojanni Brunello di Montalcino,2012,brunello,94,93.978851.5,0.021149.5
Mastrojanni Brunello di Montalcino Vigna Schiena d'Asino,2010,brunello,94,94.513329.5,-0.513329.5
Montes Alpha Series Malbec,2014,malbec,92,91.982681.5,0.017319.5
BenMarco Malbec,2014,malbec,93,91.951973.5,1.048027.5
Catena Zapata Argentino Vineyard Malbec,2013,malbec,93,92.566238.5,0.433762.5
Catena Zapata Nicasia Vineyard Malbec,2013,malbec,94,92.627655.5,1.372345.5
Collemattoni Brunello di Montalcino,2012,brunello,93,93.935860.5,-0.935860.5
La Magia Brunello di Montalcino,2012,brunello,96,93.813019.5,2.186981.5
Sassodisole Brunello di Montalcino,2012,brunello,93,93.813019.5,-0.813019.5
Solaria Patrizia Cencioni Brunello di Montalcino,2012,brunello,93,93.800735.5,-0.800735.5
San Polino Brunello di Montalcino Helichrysum,2012,brunello,95,94.058701.5,0.941299.5
Susana Balbo Signature Malbec,2015,malbec,92,91.988770.5,0.011230.5
Poggio Antico Brunello di Montalcino Altero,2012,brunello,94,94.058701.5,-0.058701.5
Poggio di Sotto Brunello di Montalcino,2011,brunello,93,95.330162.5,-2.330162.5
Concha y Toro Gran Reserva Serie Riberas Malbec,2016,malbec,91,92.007141.5,-1.007141.5
Piattelli Premium Reserve Malbec,2016,malbec,92,91.970291.5,0.029709.5
Bodegas Nieto Senetiner Don Nicanor Single Vineyard Malbec,2013,malbec,91,92.074875.5,-1.074875.5
Finca El Origen Reserva Malbec,2016,malbec,93,91.970291.5,1.029709.5
Bodega Chakana Estate Selection Malbec,2015,malbec,90,92.025620.5,-2.025620.5
Kaiken Ultra Malbec,2016,malbec,94,92.019424.5,1.980576.5
Antucura Malbec,2016,malbec,90,91.982574.5,-1.982574.5
Banfi Brunello di Montalcino Poggio Alle Mura,2013,brunello,96,94.132416.5,1.867584.5
Podere Giodo Brunello di Montalcino,2013,brunello,96,95.115143.5,0.884857.5
Mocali Brunello di Montalcino,2014,brunello,90,93.714691.5,-3.714691.5
Caparzo Brunello di Montalcino La Casa,2004,brunello,93,94.065353.5,-1.065353.5
Ciacci Piccolomini d'Aragona Brunello di Montalcino Pianrosso,2004,brunello,92,93.868820.5,-1.868820.5
Vina Alicia Las Compuertas Malbec,2012,malbec,91,92.013504.5,-1.013504.5
Vina Cobos Bramare Uco Valley Malbec,2015,malbec,93,92.105469.5,0.894531.5
Canalicchio di Sopra Brunello di Montalcino,2013,brunello,93,94.077072.5,-1.077072.5
Fossacolle Brunello di Montalcino,2004,brunello,92,93.764404.5,-1.764404.5
Trapiche Oak Cask Malbec,2017,malbec,91,91.970230.5,-0.970230.5
Trapiche Broquel Malbec,2016,malbec,90,91.988708.5,-1.988708.5
Terrazas de los Andes Reserva Malbec,2016,malbec,92,92.025558.5,-0.025558.5
Pascual Toso Estate Malbec,2016,malbec,92,91.970291.5,0.029709.5
La Posta Fazzio Malbec,2016,malbec,90,91.982574.5,-1.982574.5
Banfi Brunello di Montalcino Poggio Alle Mura,1999,brunello,95,93.942612.5,1.057388.5
Susana Balbo Signature Malbec,2016,malbec,95,92.007141.5,2.992859.5
Bodegas Nieto Senetiner Malbec,2017,malbec,91,91.988663.5,-0.988663.5
Collosorbo Brunello di Montalcino,2013,brunello,95,93.880524.5,1.119476.5
La Posta Pizzella Family Vineyard Malbec,2016,malbec,92,91.988708.5,0.011292.5
Collosorbo Brunello di Montalcino Riserva,2012,brunello,95,94.212250.5,0.787750.5
Bodegas Nieto Senetiner Don Nicanor Malbec,2016,malbec,91,92.000992.5,-1.000992.5
Altesino Brunello di Montalcino,2013,brunello,94,93.954231.5,0.045769.5
Altesino Montosoli Brunello di Montalcino,2013,brunello,98,94.298187.5,3.701813.5
Casanova di Neri Brunello di Montalcino Tenuta Nuova,2013,brunello,98,94.255188.5,3.744812.5
Renieri Brunello di Montalcino,2013,brunello,98,94.070930.5,3.929070.5
Argiano Brunello di Montalcino,2013,brunello,96,93.941940.5,2.058060.5
Fuligni Brunello di Montalcino,2013,brunello,96,94.077072.5,1.922928.5
La Rasina Brunello di Montalcino,2013,brunello,96,93.892807.5,2.107193.5
San Filippo Brunello di Montalcino Le Lucere,2013,brunello,96,94.107788.5,1.892212.5
Poggio San Polo Brunello di Montalcino,2013,brunello,96,94.027939.5,1.972061.5
Siro Pacenti Brunello di Montalcino Pelagrilli,2013,brunello,96,93.862106.5,2.137894.5
Capanna Brunello di Montalcino,2013,brunello,95,93.997223.5,1.002777.5
Banfi Brunello di Montalcino,2013,brunello,95,94.107849.5,0.892151.5
Castiglion del Bosco Brunello di Montalcino Campo del Drago,2013,brunello,95,94.138489.5,0.861511.5
Frescobaldi Castelgiocondo Brunello di Montalcino,2013,brunello,95,94.113922.5,0.886078.5
Camigliano Brunello di Montalcino,2013,brunello,94,93.886673.5,0.113327.5
Caparzo Brunello di Montalcino La Casa,2013,brunello,94,94.027939.5,-0.027939.5
Castiglion del Bosco Brunello di Montalcino,2013,brunello,94,93.892807.5,0.107193.5
Ciacci Piccolomini d'Aragona Brunello di Montalcino Pianrosso,2013,brunello,94,94.070930.5,-0.070930.5
Col d'Orcia Brunello di Montalcino,2013,brunello,94,93.917374.5,0.082626.5
Uccelliera Brunello di Montalcino,2013,brunello,94,94.034073.5,-0.034073.5
Voliero Brunello di Montalcino,2013,brunello,94,93.929657.5,0.070343.5
Caparzo Brunello di Montalcino,2013,brunello,93,93.831390.5,-0.831390.5
Ciacci Piccolomini d'Aragona Brunello di Montalcino,2013,brunello,93,93.954231.5,-0.954231.5
Fanti Brunello di Montalcino,2013,brunello,93,93.855957.5,-0.855957.5
La Poderina Brunello di Montalcino,2013,brunello,93,93.892807.5,-0.892807.5
Piancornello Brunello di Montalcino,2013,brunello,93,93.923523.5,-0.923523.5
Catena Zapata Adrianna Vineyard River Stones Malbec,2013,malbec,96,92.842628.5,3.157372.5
Poggio Nardone Brunello di Montalcino,2013,brunello,91,93.862106.5,-2.862106.5
Pulenta La Flor Malbec,2017,malbec,91,91.994797.5,-0.994797.5
Devil Proof Vineyards Farrow Ranch Malbec,2014,malbec,91,92.756577.5,-1.756577.5
La Serena Brunello di Montalcino,2013,brunello,93,93.941940.5,-0.941940.5
Tilia Malbec,2017,malbec,90,91.964096.5,-1.964096.5
Casanova di Neri Brunello di Montalcino White Label,2013,brunello,93,93.954231.5,-0.954231.5
Bodegas Nieto Senetiner Don Nicanor Barrel Select Malbec,2015,malbec,92,92.019485.5,-0.019485.5
Tapiz Black Tears Malbec,2012,malbec,93,92.130203.5,0.869797.5
BenMarco Malbec,2015,malbec,92,91.970345.5,0.029655.5
Belasco de Baquedano Llama Malbec,2017,malbec,91,91.988663.5,-0.988663.5
Altocedro Reserva Malbec,2015,malbec,90,92.111618.5,-2.111618.5
Anko Flor de Cardon Malbec,2015,malbec,93,92.037903.5,0.962097.5
Bodega Cuarto Dominio Chento Malbec,2014,malbec,92,91.970398.5,0.029602.5
Castiglion del Bosco Brunello di Montalcino Campo del Drago,2012,brunello,94,94.242966.5,-0.242966.5
Anko Malbec,2016,malbec,92,92.000992.5,-0.000992.5
Molino di Sant'Antimo Brunello di Montalcino,2013,brunello,93,93.892807.5,-0.892807.5
Luce Della Vite Brunello di Montalcino,2013,brunello,96,94.476303.5,1.523697.5
Donatella Cinelli Colombini Brunello di Montalcino,2013,brunello,94,94.015656.5,-0.015656.5
Fattoria dei Barbi Brunello di Montalcino,2013,brunello,91,93.941940.5,-2.941940.5
Fossacolle Brunello di Montalcino,2013,brunello,92,93.984940.5,-1.984940.5
Il Poggione Brunello di Montalcino,2013,brunello,92,94.077072.5,-2.077072.5
La Gerla Brunello di Montalcino,2013,brunello,91,93.941940.5,-2.941940.5
San Felice Campogiovanni Brunello di Montalcino,2013,brunello,94,93.941940.5,0.058060.5
San Filippo Brunello di Montalcino,2013,brunello,92,93.984940.5,-1.984940.5
Altesino Brunello di Montalcino Riserva,2012,brunello,94,94.335098.5,-0.335098.5
Camigliano Gualto Brunello di Montalcino Riserva,2012,brunello,92,94.058701.5,-2.058701.5
Donatella Cinelli Colombini Brunello di Montalcino Riserva,2012,brunello,92,94.421143.5,-2.421143.5
Fanti Vigne le Macchiarelle Brunello di Montalcino Riserva,2012,brunello,93,94.181541.5,-1.181541.5
Fuligni Brunello di Montalcino Riserva,2012,brunello,98,94.672905.5,3.327095.5
Il Poggione Brunello di Montalcino Riserva Vigna Paganelli,2012,brunello,97,94.335159.5,2.664841.5
Mocali Brunello di Montalcino Riserva,2012,brunello,91,94.095551.5,-3.095551.5
Uccelliera Brunello di Montalcino Riserva,2012,brunello,96,94.525497.5,1.474503.5
Banfi Brunello di Montalcino Poggio Alle Mura,2012,brunello,95,94.089417.5,0.910583.5
Salentein Reserve Malbec,2016,malbec,93,92.000992.5,0.999008.5
Black Cabra Malbec,2017,malbec,89,91.976379.5,-2.976379.5
Alamos Malbec,2017,malbec,91,91.964096.5,-0.964096.5
Ruta 22 Malbec,2017,malbec,90,91.970230.5,-1.970230.5
Ciacci Piccolomini d'Aragona Brunello di Montalcino Pianrosso Riserva Santa Caterina d'Oro,2012,brunello,97,94.611481.5,2.388519.5
Gianni Brunelli Brunello di Montalcino,2013,brunello,90,94.046356.5,-4.046356.5
Casanova di Neri Brunello di Montalcino Cerretalto,2012,brunello,97,95.686340.5,1.313660.5
Bodega Cuarto Dominio Tolentino Winemaker's Selection Malbec,2016,malbec,92,91.988708.5,0.011292.5
Catena Zapata Adrianna Vineyard River Stones Malbec,2014,malbec,94,92.799576.5,1.200424.5
Finca Decero Remolinos Vineyard Malbec,2016,malbec,90,92.007141.5,-2.007141.5
Trapiche Medalla Malbec,2013,malbec,92,91.970459.5,0.029541.5
Alta Vista Classic Malbec,2017,malbec,90,91.982513.5,-1.982513.5
Tapiz Malbec,2016,malbec,91,91.964142.5,-0.964142.5
Don Miguel Gascon Malbec Riserva,2015,malbec,91,91.988770.5,-0.988770.5
Le Potazzine Gorelli Brunello di Montalcino,2013,brunello,93,94.058640.5,-1.058640.5
Ruffino Greppone Mazzi Brunello di Montalcino,2012,brunello,93,94.052559.5,-1.052559.5
Terrazas de los Andes Las Compuertas Single Vineyard Malbec,2013,malbec,97,92.191574.5,4.808426.5
Gaja Rennina Brunello di Montalcino,2013,brunello,94,94.660629.5,-0.660629.5
Gaja Sugarille Brunello di Montalcino,2013,brunello,94,94.808037.5,-0.808037.5
Livio Sassetti Brunello di Montalcino Pertimali Riserva,2012,brunello,95,94.427223.5,0.572777.5
El Enemigo Malbec,2015,malbec,92,92.019485.5,-0.019485.5
Zorzal Terroir Unico Malbec,2017,malbec,91,91.994797.5,-0.994797.5
Piancornello Brunello di Montalcino Riserva,2012,brunello,94,94.058701.5,-0.058701.5
Domaine Bousquet Tupungato Malbec,2017,malbec,90,91.976379.5,-1.976379.5
Manos Negras Malbec,2016,malbec,92,91.988708.5,0.011292.5
Fossacolle Brunello di Montalcino Riserva,2012,brunello,93,94.335159.5,-1.335159.5
Fabre Montmayou Gran Reserva Malbec,2015,malbec,90,92.013336.5,-2.013336.5
Fabre Montmayou Reserva Malbec,2016,malbec,92,91.976425.5,0.023575.5
Poggio Antico Brunello di Montalcino Riserva,2012,brunello,97,94.365799.5,2.634201.5
Livio Sassetti Brunello di Montalcino Pertimali,2013,brunello,98,94.015656.5,3.984344.5
Capanna Brunello di Montalcino Riserva,2012,brunello,92,94.304382.5,-2.304382.5
Mocali Vigna Raunate Brunello di Montalcino,2013,brunello,92,93.905090.5,-1.905090.5
Tenute Silvio Nardi Poggio Doria Brunello di Montalcino,2012,brunello,93,94.273666.5,-1.273666.5
Tenute Silvio Nardi Brunello di Montalcino Manachiara,2012,brunello,93,94.212250.5,-1.212250.5
TintoNegro Limestone Block Malbec,2015,malbec,92,91.982635.5,0.017365.5
Catena Zapata Adrianna Vineyard Fortuna Terrae Malbec,2014,malbec,98,92.646027.5,5.353973.5
Catena Zapata Nicasia Vineyard Malbec,2014,malbec,95,92.461761.5,2.538239.5
Altos las Hormigas Gualtallary Malbec,2013,malbec,96,92.068726.5,3.931274.5
Ruffino Greppone Mazzi Brunello di Montalcino,2011,brunello,92,94.009628.5,-2.009628.5
Livio Sassetti Brunello di Montalcino Rouge,2004,brunello,94,93.709061.5,0.290939.5
Ruffino Greppone Mazzi Brunello di Montalcino,2010,brunello,94,93.960541.5,0.039459.5
Casanova di Neri Brunello di Montalcino Tenuta Nuova,2006,brunello,100,94.317009.5,5.682991.5
Amalaya Malbec,2017,malbec,90,91.994797.5,-1.994797.5
Bodini Malbec,2017,malbec,90,91.982513.5,-1.982513.5
Alamos Malbec Mendoza Seleccion,2016,malbec,92,91.988708.5,0.011292.5
Poggio Antico Brunello di Montalcino,2004,brunello,91,93.862610.5,-2.862610.5
Capanna Brunello di Montalcino,2004,brunello,93,93.715195.5,-0.715195.5
Phebus Reserva Malbec,2016,malbec,92,91.976425.5,0.023575.5
Bodegas Nieto Senetiner Don Nicanor Barrel Select Malbec,2016,malbec,94,92.037849.5,1.962151.5
La Gerla Riserva Vigna Gli Angeli Brunello di Montalcino,2011,brunello,93,94.193878.5,-1.193878.5
Altocedro Ano Cero Malbec,2017,malbec,90,92.019363.5,-2.019363.5
Achaval-Ferrer Mendoza Malbec,2017,malbec,92,92.080795.5,-0.080795.5
Vina Cobos Bramare Marchiori Vineyard Malbec,2015,malbec,97,92.541550.5,4.458450.5
De Martino Las Cruces Malbec,2014,malbec,93,92.105530.5,0.894470.5
Vina Cobos Felino Malbec,2017,malbec,93,92.013229.5,0.986771.5
Poggio San Polo Brunello di Montalcino Riserva,2012,brunello,96,94.464081.5,1.535919.5
Vina Cobos Bramare Lujan de Cuyo Malbec,2015,malbec,93,92.093185.5,0.906815.5
Savage Grace Wines Boushey Vineyard Cot,2016,malbec,95,92.056274.5,2.943726.5
Inkarri by Chakana Estate Malbec,2017,malbec,91,91.970230.5,-0.970230.5
Pulenta Gran Malbec X,2014,malbec,94,92.154663.5,1.845337.5
El Esteco Don David Malbec Reserve,2017,malbec,90,92.000946.5,-2.000946.5
La Gerla Riserva Vigna Gli Angeli Brunello di Montalcino,2012,brunello,93,94.181541.5,-1.181541.5
Bodega Noemia de Patagonia Rio Negro Valley Malbec,2015,malbec,94,92.596893.5,1.403107.5
Altos las Hormigas Uco Valley Terroir Malbec,2016,malbec,90,92.000992.5,-2.000992.5
Kirkland Signature Kirkland Signature Malbec, Argentina,2017,malbec,91,91.957947.5,-0.957947.5
Zuccardi Concreto Malbec,2017,malbec,96,92.117645.5,3.882355.5
Wapisa Malbec,2016,malbec,95,92.007141.5,2.992859.5
Zorzal Gran Terroir Malbec,2016,malbec,93,92.000992.5,0.999008.5
Bodega Monteviejo Lindaflor La Violeta,2010,malbec,95,92.418999.5,2.581001.5
Luca Old Vine Malbec,2016,malbec,93,92.037849.5,0.962151.5
Val di Suga Brunello di Montalcino,2013,brunello,93,93.991089.5,-0.991089.5
Catena Alta Malbec,2015,malbec,93,92.173035.5,0.826965.5
CARO Aruma Malbec,2017,malbec,91,92.007080.5,-1.007080.5
Trapiche Medalla Malbec,2015,malbec,91,92.007202.5,-1.007202.5
Bodega Cuarto Dominio Tolentino Winemaker's Selection Malbec,2017,malbec,90,92.019363.5,-2.019363.5
Graffito Malbec,2016,malbec,90,91.982574.5,-1.982574.5
Bodega Colome Estate Malbec,2016,malbec,92,92.031708.5,-0.031708.5
Gianni Brunelli Brunello di Montalcino Riserva,2013,brunello,93,94.261337.5,-1.261337.5
Huarpe Taymente Malbec,2017,malbec,90,91.994797.5,-1.994797.5
Bodega Monteviejo Festivo Malbec,2017,malbec,91,91.988663.5,-0.988663.5
Baron Edmond de Rothschild Aguaribay Malbec,2016,malbec,91,91.976425.5,-0.976425.5
Val di Suga Poggio al Granchio Brunello di Montalcino,2013,brunello,94,94.070930.5,-0.070930.5
Catena Malbec,2016,malbec,91,92.007141.5,-1.007141.5
Dona Paula Estate Malbec,2017,malbec,91,92.000946.5,-1.000946.5
Caparzo Brunello di Montalcino,2014,brunello,91,93.880463.5,-2.880463.5
Devil Proof Vineyards Farrow Ranch Malbec,2015,malbec,94,92.787231.5,1.212769.5
Zuccardi Q Malbec,2016,malbec,92,92.007141.5,-0.007141.5
Bodega Noemia de Patagonia J. Alberto,2016,malbec,94,92.172974.5,1.827026.5
Bodega Chakana Estate Selection Malbec,2016,malbec,90,92.068558.5,-2.068558.5
Col d'Orcia Poggio al Vento Brunello di Montalcino Riserva,2010,brunello,95,94.513329.5,0.486671.5
Matervini Finca Perdriel,2015,malbec,93,92.418716.5,0.581284.5
La Posta Pizzella Family Vineyard Malbec,2017,malbec,93,91.994797.5,1.005203.5
Lamadrid Malbec,2017,malbec,91,92.000946.5,-1.000946.5
Val di Suga Vigna Spuntali Brunello di Montalcino,2013,brunello,94,94.193832.5,-0.193832.5
La Posta Fazzio Malbec,2017,malbec,92,92.019363.5,-0.019363.5
Bodega Cuarto Dominio Lote 44 Malbec,2017,malbec,93,91.988663.5,1.011337.5
Vina Alicia Paso de Piedra Malbec,2015,malbec,93,91.988770.5,1.011230.5
Lisini Brunello di Montalcino,2014,brunello,91,93.941895.5,-2.941895.5
Ciacci Piccolomini d'Aragona Brunello di Montalcino,2014,brunello,92,93.941895.5,-1.941895.5
Dona Paula Parcel Alluvia Malbec,2011,malbec,93,92.400513.5,0.599487.5
Tapiz Black Tears Malbec,2013,malbec,93,92.191574.5,0.808426.5
Zolo Black Malbec,2013,malbec,92,92.099442.5,-0.099442.5
Vina Cobos Bramare Lujan de Cuyo Malbec,2016,malbec,94,92.191406.5,1.808594.5
Vina Cobos Bramare Uco Valley Malbec,2016,malbec,92,92.160690.5,-0.160690.5
Poggio di Sotto Brunello di Montalcino Riserva,2011,brunello,94,96.374313.5,-2.374313.5
El Esteco Malbec,2016,malbec,92,92.043991.5,-0.043991.5
Fattoria La Lecciaia Brunello di Montalcino,2013,brunello,95,93.831390.5,1.168610.5
Alta Vista Estate Malbec,2017,malbec,90,92.025513.5,-2.025513.5
Domaine Bousquet Reserva Malbec,2017,malbec,90,92.013229.5,-2.013229.5
La Serena Brunello di Montalcino Riserva Gemini,2012,brunello,94,94.175400.5,-0.175400.5
Bodega Cuarto Dominio Chento Malbec,2015,malbec,93,91.988770.5,1.011230.5
Altesino Brunello di Montalcino,2014,brunello,91,93.972595.5,-2.972595.5
Gianni Brunelli Brunello di Montalcino,2014,brunello,90,94.003311.5,-4.003311.5
Uccelliera Brunello di Montalcino,2014,brunello,92,93.984879.5,-1.984879.5
Castello Tricerchi Brunello di Montalcino,2013,brunello,92,93.911240.5,-1.911240.5
Fattoria La Lecciaia Brunello di Montalcino Riserva,2012,brunello,93,93.813019.5,-0.813019.5
Camigliano Brunello di Montalcino,2014,brunello,91,93.911179.5,-2.911179.5
